{"processed_images":100,"last_image_time_sec":0.4315519332885742,"_timestamp":1.7585425020045824e+09,"_step":9,"_wandb":{"runtime":43},"_runtime":43}