{"_wandb":{"runtime":43},"_runtime":43,"_timestamp":1.7585417715999174e+09,"_step":9,"processed_images":100,"last_image_time_sec":0.4308948516845703}