{"_timestamp":1.7585459218721416e+09,"_step":9,"_wandb":{"runtime":1236},"_runtime":1236,"processed_images":100,"last_image_time_sec":12.03895902633667}