{"_runtime":23,"processed_images":100,"last_image_time_sec":0.2330799102783203,"_timestamp":1.7585439704092593e+09,"_step":9,"_wandb":{"runtime":23}}