{"_runtime":43,"_timestamp":1.758542652936526e+09,"_step":9,"processed_images":100,"last_image_time_sec":0.4302513599395752,"_wandb":{"runtime":43}}