{"_runtime":43,"processed_images":100,"last_image_time_sec":0.4297482967376709,"_timestamp":1.7585414114455252e+09,"_step":9,"_wandb":{"runtime":43}}