{"_wandb":{"runtime":43},"_runtime":43,"_step":9,"processed_images":100,"last_image_time_sec":0.43476200103759766,"_timestamp":1.7585429315729015e+09}