{"_wandb":{"runtime":43},"_runtime":43,"_step":9,"processed_images":100,"last_image_time_sec":0.43216443061828613,"_timestamp":1.7585411122800126e+09}