{"_wandb":{"runtime":44},"_runtime":44,"_step":9,"processed_images":100,"last_image_time_sec":0.45470309257507324,"_timestamp":1.758540766872824e+09}